user_name,user_url,comment
Silver Wolf,static/picture/hanser.png,This comment has been invaded by me
Silver Wolf,static/picture/hanser.png,This comment has been invaded by me
Silver Wolf,static/picture/hanser.png,This comment has been invaded by me
Silver Wolf,static/picture/hanser.png,This comment has been invaded by me
Silver Wolf,static/picture/hanser.png,This comment has been invaded by me
Silver Wolf,static/picture/hanser.png,This comment has been invaded by me
Silver Wolf,static/picture/hanser.png,This comment has been invaded by me
Silver Wolf,static/picture/hanser.png,This comment has been invaded by me
Silver Wolf,static/picture/hanser.png,This comment has been invaded by me
Silver Wolf,static/picture/hanser.png,This comment has been invaded by me
Silver Wolf,static/picture/hanser.png,This comment has been invaded by me
Silver Wolf,static/picture/hanser.png,This comment has been invaded by me
