song_id,song_name,song_url
28059417,他不懂,Unknown
191254,天下,Unknown
191060,这，就是爱,Unknown
191248,明天过后,Unknown
574919767,只要平凡,Unknown
34179904,听,Unknown
34179901,剑心,Unknown
464674405,你就不要想起我 (live),Unknown
2038508476,身骑白马 (Live版),Unknown
191252,我们都一样,Unknown
2030766928,想见你想见你想见你 (Live版),Unknown
32192765,直到世界尽头,Unknown
1885551650,少年中国说,Unknown
191278,最美的太阳,Unknown
2103417698,立剑 (影视剧《一念关山》热血主题曲),Unknown
1896178201,最熟悉的陌生人,Unknown
28996036,逆战,Unknown
1914933323,雪龙吟,Unknown
191134,着魔,Unknown
191179,看月亮爬上来,Unknown
1317494309,一路之下,Unknown
1487212156,下一段旅程,Unknown
34179910,My Sunshine,Unknown
191199,勿忘心安,Unknown
2098394581,岁月神偷 (Live),Unknown
2008003739,Layla蕾拉,Unknown
2096146575,崇拜 (Live),Unknown
34179921,爱的供养,Unknown
191268,仰望星空,Unknown
2092536832,追光者 (Live),Unknown
1867936253,你值得更好的,Unknown
2008003738,辞海,Unknown
2091882781,孤勇者 (Live),Unknown
2094475124,让我留在你身边 (Live),Unknown
28126760,逆态度,Unknown
191195,量身订做,Unknown
1940109458,云还在唱歌,Unknown
2090627077,一千公里 (Live),Unknown
2044808338,安九 (Live版),Unknown
362974,我最闪亮,Unknown
2100666305,As Long As You Love Me (Live),Unknown
28427772,夜空中最亮的星 (Live),Unknown
191084,云中的Angel,Unknown
460514434,默 (Live),Unknown
1906253406,指望,Unknown
34179944,闹啥子嘛闹,Unknown
1340001156,星星 (Live),Unknown
2052368814,带我去找夜生活 (Live版),Unknown
191015,秋天的童话,Unknown
2096146548,陆垚知马俐 (Live),Unknown
